id,url,titre,categorie,apercu,image
899737,https://www.signal-arnaques.com/scam/view/899737,Medical score (44 commentaires),Arnaque via PayPal,le 17/01/2026... Commentaire / Explications : J’ai été débitée sur mon compte de 92 euros par médical score via Paypal. Attention : Arnaque !!. Contenu de l'arnaque : Arnaque financière medical score,
921300,https://www.signal-arnaques.com/scam/view/921300,me@philiparudy.com Xoom France [BC] (1 commentaire),Arnaque via PayPal,"il y a un jour... Commentaire / Explications : Je pense que ce mail fait suite à plusieurs utilisations de paypal dernièrement. Contenu de l'arnaque : Paiement de 145,96 € Pour consulter les informations complètes de ce transfert, accédez à votre compte PayPal. Détail",
393971,https://www.signal-arnaques.com/scam/view/393971,0756970631 paypalclient.fr (166 commentaires),Arnaque via PayPal,"le 14/09/2021... Commentaire / Explications : Un doute sur la véracité de ce sms . Contenu de l'arnaque : Info PayPal, Une tentative de connexion frauduleuse a eu lieu sur votre compte ! S'il ne s'agit pas de vous, merci de vous rendre sur https://paypalclient.fr/ Cord",
856024,https://www.signal-arnaques.com/scam/view/856024,myiq.com (109 commentaires),Arnaque via PayPal,"le 03/07/2025... Vous passez un test de QI, pour 0,99 $ En payant cette somme minime (de votre plein gré), vous vous retrouvez abonné sans l'avoir voulu, sans même vous en rendre compte. Ensuite, si vous demandez des explications sur la justification de leurs prélèvemen",https://www.signal-arnaques.com/images/uploads/scam_files/458139/Arnaque MyIQ_1751546373__thumb.jpg
208667,https://www.signal-arnaques.com/scam/view/208667,0853001015 www.grandado.com (126 commentaires),Site internet frauduleux,"le 20/02/2020... retour impossible Compte disparu, ils ne reconnaissent même pas mon adresse mail alors qu 'ils m 'envoyaient des messages ? Donc pas de retour de marchandise possible, car pas moyen de les joindre autrement que par mon compte même avec des traces de n° d",
921627,https://www.signal-arnaques.com/scam/view/921627,support@suppslink.com dreamroomliving.com,Site internet frauduleux,il y a 3 heures... Commentaire / Explications : Jamais recu de confirmation de commande ni recu la commande . Contenu de l'arnaque : Achat de 2 fauteuils relax pour un montant de 98.89 euros réglés par paypal,
921366,https://www.signal-arnaques.com/scam/view/921366,me@philiparudy.com Xoom,Arnaque via PayPal,"il y a un jour... Commentaire / Explications : Je n'ai aucun paiement en cours sur Paypal actuellement.. Contenu de l'arnaque : Votre reçu PayPal est désormais disponible [FB] Photo du contact De Xoom France [RM], le 2026-05-05 02:33 Détails En-têtes Texte en clair Pou",
921114,https://www.signal-arnaques.com/scam/view/921114,wordpress@pnmg.coml wordpress,Arnaque via PayPal,il y a 2 jours... Commentaire / Explications : payment paypal pour un achat chez Darty. Je n'ai pas fait d'achat chez darty et je n'ai pas de compte paypal. Contenu de l'arnaque : paiement paypal,
921088,https://www.signal-arnaques.com/scam/view/921088,hello@air.diet air diet,Arnaque via PayPal,"il y a 2 jours... Commentaire / Explications : je n'ai jamais commandé d'abonnement, à je ne sais même pas quoi. Contenu de l'arnaque : prélèvement par paypal, pour un abonnement jamais commandé, ; 37,98 euros et jamais signé",
